<?xml version="1.0" encoding="UTF-8" standalone="yes" ?>
<svg xmlns="http://www.w3.org/2000/svg">

<!--#4DLOOP SVGCOL01-->
<g 
	font-family="'<!--#4DTEXT SVGCOL01FONTFAMILY-->'" 
	font-size="<!--#4DTEXT SVGCOL01FONTSIZE-->">

<!--#4DIF (SVGCOL01%2)#1-->
<rect 
	fill="#eeeeff" 
	fill-opacity="1" 
	x="1" 
	y="<!--#4DTEXT SVGCOL08{SVGCOL01}-->" 
	height="<!--#4DTEXT SVGCOL09{SVGCOL01}-->" 
	width="<!--#4DTEXT SVGCOL00WIDTH-->" />
<!--#4DELSE-->
<rect 
	fill="white" 
	fill-opacity="1" 
	x="1" 
	y="<!--#4DTEXT SVGCOL08{SVGCOL01}-->" 
	height="<!--#4DTEXT SVGCOL09{SVGCOL01}-->" 
	width="<!--#4DTEXT SVGCOL00WIDTH-->" />
<!--#4DENDIF-->

<textArea 
	height="<!--#4DTEXT SVGCOL09{SVGCOL01}-->" 
	width="<!--#4DTEXT SVGCOL01WIDTH-->" 
	x="<!--#4DTEXT SVGCOL01X-->" 
	y="<!--#4DTEXT SVGCOL08{SVGCOL01}-->" 
	text-align="start" 
	display-align="before">
<!--#4DTEXT SVGCOL01{SVGCOL01}-->
</textArea>

<textArea 
	height="<!--#4DTEXT SVGCOL09{SVGCOL01}-->" 
	width="<!--#4DTEXT SVGCOL02WIDTH-->" 
	x="<!--#4DTEXT SVGCOL02X-->" 
	y="<!--#4DTEXT SVGCOL08{SVGCOL01}-->" 
	text-align="start" 
	display-align="before">
<!--#4DTEXT SVGCOL02{SVGCOL01}-->
</textArea>

<textArea 
	height="<!--#4DTEXT SVGCOL09{SVGCOL01}-->" 
	width="<!--#4DTEXT SVGCOL03WIDTH{SVGCOL01}-->" 
	x="<!--#4DTEXT SVGCOL03X-->" 
	y="<!--#4DTEXT SVGCOL08{SVGCOL01}-->" 
	text-align="start" 
	display-align="after">
<!--#4DTEXT SVGCOL03{SVGCOL01}-->
</textArea>

<textArea 
	height="<!--#4DTEXT SVGCOL09{SVGCOL01}-->" 
	width="<!--#4DTEXT SVGCOL04WIDTH-->" 
	x="<!--#4DTEXT SVGCOL04X-->" 
	y="<!--#4DTEXT SVGCOL08{SVGCOL01}-->" 
	text-align="end" 
	display-align="after">
<!--#4DTEXT SVGCOL04{SVGCOL01}-->
</textArea>

<textArea 
	height="<!--#4DTEXT SVGCOL09{SVGCOL01}-->" 
	width="<!--#4DTEXT SVGCOL05WIDTH-->" 
	x="<!--#4DTEXT SVGCOL05X-->" 
	y="<!--#4DTEXT SVGCOL08{SVGCOL01}-->" 
	text-align="start" 
	display-align="after">
<!--#4DTEXT SVGCOL05{SVGCOL01}-->
</textArea>

<textArea 
	height="<!--#4DTEXT SVGCOL09{SVGCOL01}-->" 
	width="<!--#4DTEXT SVGCOL06WIDTH-->" 
	x="<!--#4DTEXT SVGCOL06X-->" 
	y="<!--#4DTEXT SVGCOL08{SVGCOL01}-->" 
	text-align="end" 
	display-align="after">
<!--#4DTEXT SVGCOL06{SVGCOL01}-->
</textArea>
<!--#4DIF Length(SVGCOL06{SVGCOL01})#0)-->
<textArea 
	height="<!--#4DTEXT SVGCOL09{SVGCOL01}-->" 
	width="1em" 
	x="<!--#4DTEXT SVGCOL0XX-->" 
	y="<!--#4DTEXT SVGCOL08{SVGCOL01}-->" 
	text-align="center" 
	display-align="after">
×
</textArea>
<!--#4DENDIF-->

<textArea 
	height="<!--#4DTEXT SVGCOL09{SVGCOL01}-->" 
	width="<!--#4DTEXT SVGCOL07WIDTH-->" 
	x="<!--#4DTEXT SVGCOL07X-->" 
	y="<!--#4DTEXT SVGCOL08{SVGCOL01}-->" 
	text-align="end" 
	display-align="after">
<!--#4DTEXT SVGCOL07{SVGCOL01}-->
</textArea>
</g>
<!--#4DENDLOOP-->

</svg>