<?xml version="1.0" encoding="UTF-8" standalone="no" ?>
<Preferences4D>

  <BuildApp>
    <BuildCompiled>True</BuildCompiled>
    <IncludeAssociatedFolders>False</IncludeAssociatedFolders>
    <BuildComponent>False</BuildComponent>
    <BuildApplicationSerialized>False</BuildApplicationSerialized>
    <BuildApplicationLight>False</BuildApplicationLight>
    <SourcesFiles>
      <RuntimeVL>
        <RuntimeVLIncludeIt>False</RuntimeVLIncludeIt>
      </RuntimeVL>
      <CS>
        <ServerIncludeIt>False</ServerIncludeIt>
        <ClientWinIncludeIt>False</ClientWinIncludeIt>
        <ClientMacIncludeIt>False</ClientMacIncludeIt>
      </CS>
    </SourcesFiles>
    <BuildApplicationName>MyCoolServer</BuildApplicationName>
    <BuildMacDestFolder>:::build</BuildMacDestFolder>
    <BuildWinDestFolder>..\..\build</BuildWinDestFolder>
    <CS>
      <BuildServerApplication>False</BuildServerApplication>
      <BuildCSUpgradeable>False</BuildCSUpgradeable>
      <CurrentVers>1</CurrentVers>
      <HardLink></HardLink>
    </CS>
    <ArrayExcludedPluginName>
      <ItemsCount>0</ItemsCount>
    </ArrayExcludedPluginName>
    <ArrayExcludedPluginID>
      <ItemsCount>0</ItemsCount>
    </ArrayExcludedPluginID>
    <ArrayExcludedComponentName>
      <ItemsCount>0</ItemsCount>
    </ArrayExcludedComponentName>
    <Licenses>
      <ArrayLicenseWin>
        <ItemsCount>0</ItemsCount>
      </ArrayLicenseWin>
    </Licenses>
  </BuildApp>

</Preferences4D>
