<?xml version="1.0" encoding="UTF-8" standalone="yes"?>
<verifylog operation="Verify" name="widgets" structure="Macintosh HD:Users:miyako:Desktop:widgets.4dbase:widgets.4DB" data="Macintosh HD:Users:miyako:Desktop:widgets.4dbase:widgets.4DD" os="Mac OS X (10.6.8)">
<start_timer time="2012-04-16T14:13:12+09:00"/>
<step title="メンテナンスモードでデータベースを開いています">
</step>
<step title="ストラクチャーの内部データベースを検証">
	<step title="セグメント 1 のビットテーブルをチェック">
	</step>
	<step title="セグメント 65 のビットテーブルをチェック">
	</step>
	<step title="自動シーケンス番号定義をチェック中">
	</step>
	<step title="削除された自動シーケンス番号定義の連鎖リストをチェック中">
	</step>
	<step title="インデックス定義をチェック中">
	</step>
	<step title="削除されたインデックス定義の連鎖リストをチェック中">
	</step>
	<step title="データテーブルをロード中">
		<step title="データテーブルヘッダをチェック中">
		</step>
		<step title="削除されたデータテーブルヘッダの連鎖リストをチェック中">
		</step>
	</step>
	<step title="テーブル Resources のBLOBをチェック中">
	</step>
	<step title="テーブル Resources の削除されたBLOBのリストをチェック中">
	</step>
	<step title="テーブル Resources のレコードをチェック中
">
	</step>
	<step title="テーブル Resources の削除されたレコードのリストをチェック中">
	</step>
	<step title="テーブル [Table#2] のBLOBをチェック中">
	</step>
	<step title="テーブル [Table#2] の削除されたBLOBのリストをチェック中">
	</step>
	<step title="テーブル [Table#2] のレコードをチェック中
">
	</step>
	<step title="テーブル [Table#2] の削除されたレコードのリストをチェック中">
	</step>
	<step title="インデックス B-tree インデックス0  kind (TYPE only) を検証中">
		<step title="B-tree インデックス0  kind (TYPE only) のインデックスページアドレスをチェック中">
		</step>
		<step title="B-tree インデックス0  kind (TYPE only) インデックスページをチェック中">
		</step>
	</step>
	<step title="インデックス B-tree インデックス1  stamp (stamp) を検証中">
		<step title="B-tree インデックス1  stamp (stamp) のインデックスページアドレスをチェック中">
		</step>
		<step title="B-tree インデックス1  stamp (stamp) インデックスページをチェック中">
		</step>
	</step>
	<step title="インデックス B-tree インデックス2  kind , id (TYPE and ID) を検証中">
		<step title="B-tree インデックス2  kind , id (TYPE and ID) のインデックスページアドレスをチェック中">
		</step>
		<step title="B-tree インデックス2  kind , id (TYPE and ID) インデックスページをチェック中">
		</step>
	</step>
</step>
<step title="データベースメソッドをチェック">
</step>
<step title="トリガーメソッドをチェック">
</step>
<step title="プロジェクトメソッドをチェック">
	<step title="Get_version">
		<info>Get_version : 13 lines</info>
	</step>
	<step title="(Widget_form_method_2_1)">
		<info>(Widget_form_method_2_1) : 43 lines</info>
	</step>
	<step title="(Widget_form_method_1)">
		<info>(Widget_form_method_1) : 35 lines</info>
	</step>
	<step title="(Widget_form_method_2)">
		<info>(Widget_form_method_2) : 33 lines</info>
	</step>
	<step title="(Widget_container_method_1)">
		<info>(Widget_container_method_1) : 12 lines</info>
	</step>
	<step title="(Widget_container_method_2)">
		<info>(Widget_container_method_2) : 12 lines</info>
	</step>
	<step title="(Widget_container_method_2_1)">
		<info>(Widget_container_method_2_1) : 12 lines</info>
	</step>
	<step title="(Widget_UPDATE)">
		<info>(Widget_UPDATE) : 0 lines</info>
	</step>
	<step title="_test">
		<info>_test : 18 lines</info>
	</step>
	<step title="Widget_SET_SIZE">
		<info>Widget_SET_SIZE : 19 lines</info>
	</step>
	<info>10 project methods</info>
</step>
<step title="プロジェクトフォームをチェック">
	<step title="(Form1)">
	</step>
	<step title="Widget">
		<step title="Widget">
			<info>Widget : 39 lines</info>
		</step>
	</step>
	<step title="(Form2)">
	</step>
	<step title="(Widget1)">
	</step>
	<step title="Form1">
		<step title="Form1.Page1.Widget_1">
			<info>Form1.Page1.Widget_1 : 12 lines</info>
		</step>
	</step>
	<step title="Widget1">
		<step title="Widget1">
			<info>Widget1 : 37 lines</info>
		</step>
	</step>
	<step title="(Widget2)">
	</step>
	<step title="Widget2">
		<step title="Widget2">
			<info>Widget2 : 47 lines</info>
		</step>
	</step>
	<step title="Form2">
		<step title="Form2.Page1.Widget_1">
			<info>Form2.Page1.Widget_1 : 26 lines</info>
		</step>
	</step>
	<step title="(Widget3)">
		<step title="(Widget3)">
			<info>(Widget3) : 39 lines</info>
		</step>
	</step>
	<step title="(Widget4)">
		<step title="(Widget4)">
			<info>(Widget4) : 39 lines</info>
		</step>
	</step>
	<step title="Widget3">
		<step title="Widget3">
			<info>Widget3 : 39 lines</info>
		</step>
	</step>
	<info>12 project forms</info>
</step>
<step title="テーブルフォームをチェック">
	<info>0 table forms</info>
</step>
<step title="ユーザー＆グループ情報をチェック">
</step>
<step title="ヘルプTipsをチェック">
</step>
<step title="エクスプローラーのフォルダーをチェック">
	<step title="ゴミ箱">
	</step>
	<step title="デフォルトフォルダ">
	</step>
	<step title="デフォルトテーブル">
	</step>
	<step title="デフォルトフォーム">
	</step>
	<step title="デフォルトプロジェクトメソッド">
	</step>
</step>
<step title="メニューバーとメニューをチェック">
</step>
<step title="リストをチェック">
</step>
<step title="リンクのないメソッドをチェック">
</step>
<stop_timer time="2012-04-16T14:13:12+09:00" success="true" user_canceled="false"/>
</verifylog>
